2_1420;BUS;1;
2_1421;BUS;1;
2_1422;BUS;1;
2_1423;BUS;1;
2_1424;BUS;1;
2_1425;BUS;1;
2_1426;BUS;1;
2_1427;BUS;1;
2_1428;BUS;1;
2_1429;BUS;1;
2_1410;BUS;1;
2_1411;BUS;1;
2_1414;BUS;1;
2_1415;BUS;1;
2_1412;BUS;1;
2_1413;BUS;1;
2_1418;BUS;1;
2_1419;BUS;1;
2_1416;BUS;1;
2_1417;BUS;1;
2_1451;BUS;1;
2_1450;BUS;1;
2_1445;BUS;1;
2_1446;BUS;1;
2_1447;BUS;1;
2_1441;BUS;1;
2_1442;BUS;1;
2_1443;BUS;1;
2_1444;BUS;1;
2_1449;BUS;1;
2_1440;BUS;1;
2_1436;BUS;1;
2_1437;BUS;1;
2_1434;BUS;1;
2_1435;BUS;1;
2_1432;BUS;1;
2_1433;BUS;1;
2_1430;BUS;1;
2_1431;BUS;1;
2_1438;BUS;1;
2_1439;BUS;1;
2_2112;BUS;1;
2_2115;BUS;1;
2_2114;BUS;1;
2_2116;BUS;1;
2_3249;BUS;1;
2_3250;BUS;1;
2_2103;BUS;1;
2_2101;BUS;1;
2_1203;BUS;1;
2_1204;BUS;1;
2_1205;BUS;1;
2_1206;BUS;1;
2_1200;BUS;1;
2_1201;BUS;1;
2_1202;BUS;1;
2_1207;BUS;1;
2_1208;BUS;1;
2_1209;BUS;1;
2_1409;BUS;1;
2_1406;BUS;1;
2_1405;BUS;1;
2_1408;BUS;1;
2_1407;BUS;1;
2_1402;BUS;1;
2_1401;BUS;1;
2_1404;BUS;1;
2_1403;BUS;1;
2_1609;BUS;1;
2_1606;BUS;1;
2_1604;BUS;1;
2_1603;BUS;1;
2_3407;BUS;1;
2_3408;BUS;1;
2_1617;BUS;1;
2_3409;BUS;1;
2_1615;BUS;1;
2_3001;BUS;1;
2_1618;BUS;1;
2_3002;BUS;1;
2_1619;BUS;1;
2_3401;BUS;1;
2_3402;BUS;1;
2_3403;BUS;1;
2_1612;BUS;1;
2_3404;BUS;1;
2_1613;BUS;1;
2_3405;BUS;1;
2_3210;BUS;1;
2_1610;BUS;1;
2_3406;BUS;1;
2_3211;BUS;1;
2_1611;BUS;1;
2_6006;BUS;1;
2_3208;BUS;1;
2_2750;BUS;1;
2_3209;BUS;1;
2_2751;BUS;1;
2_3012;BUS;1;
2_3013;BUS;1;
2_3010;BUS;1;
2_3011;BUS;1;
2_1622;BUS;1;
2_1623;BUS;1;
2_3006;BUS;1;
2_3005;BUS;1;
2_3004;BUS;1;
2_3003;BUS;1;
2_3009;BUS;1;
2_3008;BUS;1;
2_3007;BUS;1;
2_3021;BUS;1;
2_3022;BUS;1;
2_3023;BUS;1;
2_3024;BUS;1;
2_3020;BUS;1;
2_4009;BUS;1;
2_4008;BUS;1;
2_4950;BUS;1;
2_4004;BUS;1;
2_4007;BUS;1;
2_4006;BUS;1;
2_4011;BUS;1;
2_4012;BUS;1;
2_4013;BUS;1;
2_4010;BUS;1;
2_3019;BUS;1;
2_3018;BUS;1;
2_3015;BUS;1;
2_3014;BUS;1;
2_3017;BUS;1;
2_3016;BUS;1;
2_3032;BUS;1;
2_3221;BUS;1;
2_6001;BUS;1;
2_6000;BUS;1;
2_3220;BUS;1;
2_6003;BUS;1;
2_4018;BUS;1;
2_6002;BUS;1;
2_6005;BUS;1;
2_3410;BUS;1;
2_6004;BUS;1;
2_3219;BUS;1;
2_3218;BUS;1;
2_3217;BUS;1;
2_3216;BUS;1;
2_3213;BUS;1;
2_3212;BUS;1;
2_3029;BUS;1;
2_3028;BUS;1;
2_3027;BUS;1;
2_3025;BUS;1;
2_2516;BUS;1;
2_2517;BUS;1;
2_2518;BUS;1;
2_2519;BUS;1;
2_2909;BUS;1;
2_2510;BUS;1;
2_2511;BUS;1;
2_2512;BUS;1;
2_2513;BUS;1;
2_2514;BUS;1;
2_2515;BUS;1;
2_2902;BUS;1;
2_2901;BUS;1;
2_2904;BUS;1;
2_2903;BUS;1;
2_2906;BUS;1;
2_2711;BUS;1;
2_2905;BUS;1;
2_2710;BUS;1;
2_2908;BUS;1;
2_2713;BUS;1;
2_2907;BUS;1;
2_2712;BUS;1;
2_2715;BUS;1;
2_2714;BUS;1;
2_2717;BUS;1;
2_2716;BUS;1;
2_2719;BUS;1;
2_2718;BUS;1;
2_2507;BUS;1;
2_2508;BUS;1;
2_2505;BUS;1;
2_2506;BUS;1;
2_2509;BUS;1;
2_2503;BUS;1;
2_2504;BUS;1;
2_2501;BUS;1;
2_2502;BUS;1;
2_2915;BUS;1;
2_2914;BUS;1;
2_2913;BUS;1;
2_2912;BUS;1;
2_2919;BUS;1;
2_2702;BUS;1;
2_2918;BUS;1;
2_2701;BUS;1;
2_2917;BUS;1;
2_2916;BUS;1;
2_2706;BUS;1;
2_2705;BUS;1;
2_2704;BUS;1;
2_4003;BUS;1;
2_2911;BUS;1;
2_4002;BUS;1;
2_2709;BUS;1;
2_4001;BUS;1;
2_2708;BUS;1;
2_2707;BUS;1;
2_2530;BUS;1;
2_2928;BUS;1;
2_2733;BUS;1;
2_2927;BUS;1;
2_2732;BUS;1;
2_2734;BUS;1;
2_2924;BUS;1;
2_2923;BUS;1;
2_2926;BUS;1;
2_2925;BUS;1;
2_2920;BUS;1;
2_2922;BUS;1;
2_2921;BUS;1;
2_4901;BUS;1;
2_4900;BUS;1;
2_2529;BUS;1;
2_2525;BUS;1;
2_2526;BUS;1;
2_2523;BUS;1;
2_2524;BUS;1;
2_2521;BUS;1;
2_2522;BUS;1;
2_2520;BUS;1;
2_2724;BUS;1;
2_2723;BUS;1;
2_2722;BUS;1;
2_2721;BUS;1;
2_4708;BUS;1;
2_2720;BUS;1;
2_4707;BUS;1;
2_4706;BUS;1;
2_4705;BUS;1;
2_4704;BUS;1;
2_4703;BUS;1;
2_4702;BUS;1;
2_4701;BUS;1;
2_2930;BUS;1;
2_4700;BUS;1;
2_2727;BUS;1;
2_2726;BUS;1;
2_2725;BUS;1;
2_4602;BUS;1;
2_4603;BUS;1;
2_4604;BUS;1;
2_4605;BUS;1;
2_1591;BUS;1;
2_3914;BUS;1;
2_1590;BUS;1;
2_3913;BUS;1;
2_4601;BUS;1;
2_3915;BUS;1;
2_3910;BUS;1;
2_3912;BUS;1;
2_3911;BUS;1;
2_2430;BUS;1;
2_4606;BUS;1;
2_4607;BUS;1;
2_1179;BUS;1;
2_4608;BUS;1;
2_1178;BUS;1;
2_4609;BUS;1;
2_1177;BUS;1;
2_3711;BUS;1;
2_2425;BUS;1;
2_1186;BUS;1;
2_3712;BUS;1;
2_2424;BUS;1;
2_1187;BUS;1;
2_2427;BUS;1;
2_1184;BUS;1;
2_3714;BUS;1;
2_2426;BUS;1;
2_1185;BUS;1;
2_2421;BUS;1;
2_1182;BUS;1;
2_2420;BUS;1;
2_1183;BUS;1;
2_2423;BUS;1;
2_1180;BUS;1;
2_3710;BUS;1;
2_2422;BUS;1;
2_1181;BUS;1;
2_1588;BUS;1;
2_1589;BUS;1;
2_3715;BUS;1;
2_2429;BUS;1;
2_1586;BUS;1;
2_2428;BUS;1;
2_1587;BUS;1;
2_3717;BUS;1;
2_4610;BUS;1;
2_4211;BUS;1;
2_2440;BUS;1;
2_2441;BUS;1;
2_4210;BUS;1;
2_1189;BUS;1;
2_1188;BUS;1;
2_4209;BUS;1;
2_3724;BUS;1;
2_2438;BUS;1;
2_1195;BUS;1;
2_4208;BUS;1;
2_2437;BUS;1;
2_1196;BUS;1;
2_4207;BUS;1;
2_2436;BUS;1;
2_1197;BUS;1;
2_4206;BUS;1;
2_3723;BUS;1;
2_2435;BUS;1;
2_1198;BUS;1;
2_4205;BUS;1;
2_2434;BUS;1;
2_1191;BUS;1;
2_4204;BUS;1;
2_2433;BUS;1;
2_1192;BUS;1;
2_4203;BUS;1;
2_2432;BUS;1;
2_1193;BUS;1;
2_4202;BUS;1;
2_2431;BUS;1;
2_1194;BUS;1;
2_1190;BUS;1;
2_1573;BUS;1;
2_1574;BUS;1;
2_2439;BUS;1;
2_1199;BUS;1;
2_2450;BUS;1;
2_2452;BUS;1;
2_2443;BUS;1;
2_2442;BUS;1;
2_3732;BUS;1;
2_2449;BUS;1;
2_2448;BUS;1;
2_2453;BUS;1;
2_1595;BUS;1;
2_3953;BUS;1;
2_4459;BUS;1;
2_4264;BUS;1;
2_3954;BUS;1;
2_4267;BUS;1;
2_3955;BUS;1;
2_3956;BUS;1;
2_4455;BUS;1;
2_4458;BUS;1;
2_3951;BUS;1;
2_4457;BUS;1;
2_3952;BUS;1;
2_4850;BUS;1;
2_3957;BUS;1;
2_3958;BUS;1;
2_3959;BUS;1;
2_4652;BUS;1;
2_4257;BUS;1;
2_4460;BUS;1;
2_4256;BUS;1;
2_4255;BUS;1;
2_4254;BUS;1;
2_3964;BUS;1;
2_4253;BUS;1;
2_4252;BUS;1;
2_3962;BUS;1;
2_3960;BUS;1;
2_3961;BUS;1;
2_4654;BUS;1;
2_4653;BUS;1;
2_4453;BUS;1;
2_4454;BUS;1;
2_4451;BUS;1;
2_4452;BUS;1;
2_4060;BUS;1;
2_4062;BUS;1;
2_4069;BUS;1;
2_4059;BUS;1;
2_4054;BUS;1;
2_4053;BUS;1;
2_4270;BUS;1;
2_4058;BUS;1;
2_4057;BUS;1;
2_4056;BUS;1;
2_4055;BUS;1;
2_3707;BUS;1;
2_3501;BUS;1;
2_3500;BUS;1;
2_3705;BUS;1;
2_3505;BUS;1;
2_3504;BUS;1;
2_3709;BUS;1;
2_3503;BUS;1;
2_3708;BUS;1;
2_3502;BUS;1;
2_3509;BUS;1;
2_3508;BUS;1;
2_3507;BUS;1;
2_4269;BUS;1;
2_3506;BUS;1;
2_1375;BUS;1;
2_1376;BUS;1;
2_1377;BUS;1;
2_1378;BUS;1;
2_1383;BUS;1;
2_1382;BUS;1;
2_1385;BUS;1;
2_1384;BUS;1;
2_1381;BUS;1;
2_1110;BUS;1;
2_1388;BUS;1;
2_1389;BUS;1;
2_1386;BUS;1;
2_1387;BUS;1;
2_4408;BUS;1;
2_1109;BUS;1;
2_1108;BUS;1;
2_1396;BUS;1;
2_1107;BUS;1;
2_1395;BUS;1;
2_1106;BUS;1;
2_1394;BUS;1;
2_1105;BUS;1;
2_1393;BUS;1;
2_1104;BUS;1;
2_1392;BUS;1;
2_1103;BUS;1;
2_4401;BUS;1;
2_1391;BUS;1;
2_1102;BUS;1;
2_4402;BUS;1;
2_1390;BUS;1;
2_1101;BUS;1;
2_4403;BUS;1;
2_1100;BUS;1;
2_1397;BUS;1;
2_1398;BUS;1;
2_1399;BUS;1;
2_1120;BUS;1;
2_1121;BUS;1;
2_1119;BUS;1;
2_1112;BUS;1;
2_1111;BUS;1;
2_1114;BUS;1;
2_1113;BUS;1;
2_1116;BUS;1;
2_1115;BUS;1;
2_1118;BUS;1;
2_1117;BUS;1;
2_1130;BUS;1;
2_1125;BUS;1;
2_1124;BUS;1;
2_1123;BUS;1;
2_1122;BUS;1;
2_1129;BUS;1;
2_1128;BUS;1;
2_1127;BUS;1;
2_1126;BUS;1;
2_1339;BUS;1;
2_1336;BUS;1;
2_1141;BUS;1;
2_1335;BUS;1;
2_1140;BUS;1;
2_1338;BUS;1;
2_1143;BUS;1;
2_1337;BUS;1;
2_1142;BUS;1;
2_1331;BUS;1;
2_1334;BUS;1;
2_1333;BUS;1;
2_1137;BUS;1;
2_1138;BUS;1;
2_1340;BUS;1;
2_1139;BUS;1;
2_1341;BUS;1;
2_1134;BUS;1;
2_1135;BUS;1;
2_1136;BUS;1;
2_1349;BUS;1;
2_1154;BUS;1;
2_1348;BUS;1;
2_1153;BUS;1;
2_1347;BUS;1;
2_1152;BUS;1;
2_1346;BUS;1;
2_1151;BUS;1;
2_1345;BUS;1;
2_1150;BUS;1;
2_1344;BUS;1;
2_1343;BUS;1;
2_1342;BUS;1;
2_1351;BUS;1;
2_1352;BUS;1;
2_1148;BUS;1;
2_1350;BUS;1;
2_1149;BUS;1;
2_1146;BUS;1;
2_1147;BUS;1;
2_1144;BUS;1;
2_1354;BUS;1;
2_1353;BUS;1;
2_1356;BUS;1;
2_1161;BUS;1;
2_1355;BUS;1;
2_1160;BUS;1;
2_1358;BUS;1;
2_1163;BUS;1;
2_1162;BUS;1;
2_1165;BUS;1;
2_1359;BUS;1;
2_1164;BUS;1;
2_1155;BUS;1;
2_1156;BUS;1;
2_1157;BUS;1;
2_1158;BUS;1;
2_4201;BUS;1;
2_1360;BUS;1;
2_1159;BUS;1;
2_1361;BUS;1;
2_1362;BUS;1;
2_1363;BUS;1;
2_1367;BUS;1;
2_1172;BUS;1;
2_1366;BUS;1;
2_1171;BUS;1;
2_1365;BUS;1;
2_1170;BUS;1;
2_1364;BUS;1;
2_1176;BUS;1;
2_1175;BUS;1;
2_1369;BUS;1;
2_1174;BUS;1;
2_1368;BUS;1;
2_1173;BUS;1;
2_1168;BUS;1;
2_1370;BUS;1;
2_1169;BUS;1;
2_1166;BUS;1;
2_1167;BUS;1;
2_1373;BUS;1;
2_1374;BUS;1;
2_1371;BUS;1;
2_3901;BUS;1;
2_1372;BUS;1;
2_3902;BUS;1;
2_3903;BUS;1;
2_3904;BUS;1;
2_3905;BUS;1;
2_3906;BUS;1;
2_3907;BUS;1;
2_3908;BUS;1;
2_3909;BUS;1;
2_1330;BUS;1;
2_2848;BUS;1;
2_2219;BUS;1;
2_2849;BUS;1;
2_2846;BUS;1;
2_2847;BUS;1;
2_2844;BUS;1;
2_2020;BUS;1;
2_2215;BUS;1;
2_2021;BUS;1;
2_2216;BUS;1;
2_2842;BUS;1;
2_2022;BUS;1;
2_2217;BUS;1;
2_2843;BUS;1;
2_2023;BUS;1;
2_2218;BUS;1;
2_2211;BUS;1;
2_2212;BUS;1;
2_2213;BUS;1;
2_2214;BUS;1;
2_2017;BUS;1;
2_2221;BUS;1;
2_2019;BUS;1;
2_2220;BUS;1;
2_1328;BUS;1;
2_2014;BUS;1;
2_1329;BUS;1;
2_2013;BUS;1;
2_2016;BUS;1;
2_2015;BUS;1;
2_1324;BUS;1;
2_1325;BUS;1;
2_1326;BUS;1;
2_1327;BUS;1;
2_1320;BUS;1;
2_1321;BUS;1;
2_1322;BUS;1;
2_1323;BUS;1;
2_2208;BUS;1;
2_2209;BUS;1;
2_2011;BUS;1;
2_2206;BUS;1;
2_2012;BUS;1;
2_2207;BUS;1;
2_2204;BUS;1;
2_2010;BUS;1;
2_2205;BUS;1;
2_2202;BUS;1;
2_2850;BUS;1;
2_2203;BUS;1;
2_2201;BUS;1;
2_2009;BUS;1;
2_2210;BUS;1;
2_2008;BUS;1;
2_2007;BUS;1;
2_2006;BUS;1;
2_1319;BUS;1;
2_2005;BUS;1;
2_1317;BUS;1;
2_2003;BUS;1;
2_1318;BUS;1;
2_2002;BUS;1;
2_1315;BUS;1;
2_1316;BUS;1;
2_1313;BUS;1;
2_1314;BUS;1;
2_1311;BUS;1;
2_1312;BUS;1;
2_1310;BUS;1;
2_2826;BUS;1;
2_2827;BUS;1;
2_2824;BUS;1;
2_2825;BUS;1;
2_2829;BUS;1;
2_2822;BUS;1;
2_2820;BUS;1;
2_2821;BUS;1;
2_1306;BUS;1;
2_1307;BUS;1;
2_1308;BUS;1;
2_1309;BUS;1;
2_1300;BUS;1;
2_1301;BUS;1;
2_1302;BUS;1;
2_1303;BUS;1;
2_1304;BUS;1;
2_1305;BUS;1;
2_2836;BUS;1;
2_2837;BUS;1;
2_2838;BUS;1;
2_2839;BUS;1;
2_2830;BUS;1;
2_2831;BUS;1;
2_2832;BUS;1;
2_2833;BUS;1;
2_2834;BUS;1;
2_2255;BUS;1;
2_2258;BUS;1;
2_2257;BUS;1;
2_2262;BUS;1;
2_2263;BUS;1;
2_2264;BUS;1;
2_2260;BUS;1;
2_2249;BUS;1;
2_2248;BUS;1;
2_2245;BUS;1;
2_2244;BUS;1;
2_3107;BUS;1;
2_3108;BUS;1;
2_3109;BUS;1;
2_3102;BUS;1;
2_3103;BUS;1;
2_3104;BUS;1;
2_3105;BUS;1;
2_3110;BUS;1;
2_3112;BUS;1;
2_3111;BUS;1;
2_2253;BUS;1;
2_2254;BUS;1;
2_2251;BUS;1;
2_2252;BUS;1;
2_2250;BUS;1;
2_2234;BUS;1;
2_2233;BUS;1;
2_2236;BUS;1;
2_2235;BUS;1;
2_2238;BUS;1;
2_2237;BUS;1;
2_2239;BUS;1;
2_2240;BUS;1;
2_2241;BUS;1;
2_2242;BUS;1;
2_2243;BUS;1;
2_2225;BUS;1;
2_2224;BUS;1;
2_2223;BUS;1;
2_2222;BUS;1;
2_2229;BUS;1;
2_2228;BUS;1;
2_2227;BUS;1;
2_2226;BUS;1;
2_2231;BUS;1;
2_2232;BUS;1;
2_2230;BUS;1;
2_1513;BUS;1;
2_1514;BUS;1;
2_1511;BUS;1;
2_1510;BUS;1;
2_3142;BUS;1;
2_3143;BUS;1;
2_3144;BUS;1;
2_1519;BUS;1;
2_3145;BUS;1;
2_1517;BUS;1;
2_1518;BUS;1;
2_1515;BUS;1;
2_3141;BUS;1;
2_1516;BUS;1;
2_3139;BUS;1;
2_3136;BUS;1;
2_3135;BUS;1;
2_3137;BUS;1;
2_1522;BUS;1;
2_1523;BUS;1;
2_1524;BUS;1;
2_1525;BUS;1;
2_1520;BUS;1;
2_1521;BUS;1;
2_1526;BUS;1;
2_1527;BUS;1;
2_1528;BUS;1;
2_1529;BUS;1;
2_2640;BUS;1;
2_3146;BUS;1;
2_2079;BUS;1;
2_3120;BUS;1;
2_3121;BUS;1;
2_3122;BUS;1;
2_3123;BUS;1;
2_3114;BUS;1;
2_3113;BUS;1;
2_2630;BUS;1;
2_3116;BUS;1;
2_2631;BUS;1;
2_3115;BUS;1;
2_2632;BUS;1;
2_2633;BUS;1;
2_2080;BUS;1;
2_3117;BUS;1;
2_2634;BUS;1;
2_2081;BUS;1;
2_2635;BUS;1;
2_3119;BUS;1;
2_3323;BUS;1;
2_2637;BUS;1;
2_2084;BUS;1;
2_3322;BUS;1;
2_2085;BUS;1;
2_2082;BUS;1;
2_2083;BUS;1;
2_2088;BUS;1;
2_2089;BUS;1;
2_2086;BUS;1;
2_3511;BUS;1;
2_2069;BUS;1;
2_3512;BUS;1;
2_2068;BUS;1;
2_3510;BUS;1;
2_2271;BUS;1;
2_4803;BUS;1;
2_3515;BUS;1;
2_1500;BUS;1;
2_4802;BUS;1;
2_3516;BUS;1;
2_1501;BUS;1;
2_4801;BUS;1;
2_3513;BUS;1;
2_1502;BUS;1;
2_4800;BUS;1;
2_3514;BUS;1;
2_1503;BUS;1;
2_1504;BUS;1;
2_3130;BUS;1;
2_1506;BUS;1;
2_1507;BUS;1;
2_3133;BUS;1;
2_1508;BUS;1;
2_3134;BUS;1;
2_1509;BUS;1;
2_3131;BUS;1;
2_3132;BUS;1;
2_3127;BUS;1;
2_2620;BUS;1;
2_3126;BUS;1;
2_2621;BUS;1;
2_3125;BUS;1;
2_3124;BUS;1;
2_3129;BUS;1;
2_3128;BUS;1;
2_2070;BUS;1;
2_3314;BUS;1;
2_2628;BUS;1;
2_2071;BUS;1;
2_3313;BUS;1;
2_2629;BUS;1;
2_2072;BUS;1;
2_2267;BUS;1;
2_3312;BUS;1;
2_2073;BUS;1;
2_2268;BUS;1;
2_3311;BUS;1;
2_2627;BUS;1;
2_2074;BUS;1;
2_3318;BUS;1;
2_2075;BUS;1;
2_3317;BUS;1;
2_2076;BUS;1;
2_3316;BUS;1;
2_2077;BUS;1;
2_3315;BUS;1;
2_2413;BUS;1;
2_2414;BUS;1;
2_2415;BUS;1;
2_2416;BUS;1;
2_2410;BUS;1;
2_2411;BUS;1;
2_2412;BUS;1;
2_3310;BUS;1;
2_1556;BUS;1;
2_1555;BUS;1;
2_2417;BUS;1;
2_1554;BUS;1;
2_2059;BUS;1;
2_2418;BUS;1;
2_2419;BUS;1;
2_1552;BUS;1;
2_2057;BUS;1;
2_2058;BUS;1;
2_3304;BUS;1;
2_1560;BUS;1;
2_2067;BUS;1;
2_3305;BUS;1;
2_2619;BUS;1;
2_1561;BUS;1;
2_2066;BUS;1;
2_3306;BUS;1;
2_2801;BUS;1;
2_2065;BUS;1;
2_3307;BUS;1;
2_2064;BUS;1;
2_2616;BUS;1;
2_2063;BUS;1;
2_3301;BUS;1;
2_2615;BUS;1;
2_2062;BUS;1;
2_3302;BUS;1;
2_2618;BUS;1;
2_2061;BUS;1;
2_2617;BUS;1;
2_2060;BUS;1;
2_2612;BUS;1;
2_2806;BUS;1;
2_2611;BUS;1;
2_2809;BUS;1;
2_2614;BUS;1;
2_2808;BUS;1;
2_2613;BUS;1;
2_2803;BUS;1;
2_3309;BUS;1;
2_2805;BUS;1;
2_2610;BUS;1;
2_2804;BUS;1;
2_2404;BUS;1;
2_2405;BUS;1;
2_2402;BUS;1;
2_2403;BUS;1;
2_2401;BUS;1;
2_1567;BUS;1;
2_2408;BUS;1;
2_1563;BUS;1;
2_2046;BUS;1;
2_2409;BUS;1;
2_2047;BUS;1;
2_2406;BUS;1;
2_2048;BUS;1;
2_2407;BUS;1;
2_1564;BUS;1;
2_2049;BUS;1;
2_2812;BUS;1;
2_2054;BUS;1;
2_2811;BUS;1;
2_1570;BUS;1;
2_2053;BUS;1;
2_2810;BUS;1;
2_2609;BUS;1;
2_1571;BUS;1;
2_2056;BUS;1;
2_2608;BUS;1;
2_1572;BUS;1;
2_2055;BUS;1;
2_2607;BUS;1;
2_2050;BUS;1;
2_2606;BUS;1;
2_2605;BUS;1;
2_2052;BUS;1;
2_2604;BUS;1;
2_2051;BUS;1;
2_2603;BUS;1;
2_2819;BUS;1;
2_2602;BUS;1;
2_2818;BUS;1;
2_2601;BUS;1;
2_2817;BUS;1;
2_2816;BUS;1;
2_2815;BUS;1;
2_2814;BUS;1;
2_2813;BUS;1;
2_3763;BUS;1;
2_3762;BUS;1;
2_1539;BUS;1;
2_3765;BUS;1;
2_3764;BUS;1;
2_1537;BUS;1;
2_3766;BUS;1;
2_3769;BUS;1;
2_3768;BUS;1;
2_1532;BUS;1;
2_2037;BUS;1;
2_2038;BUS;1;
2_1530;BUS;1;
2_2035;BUS;1;
2_2036;BUS;1;
2_1536;BUS;1;
2_1535;BUS;1;
2_1534;BUS;1;
2_2039;BUS;1;
2_1533;BUS;1;
2_2041;BUS;1;
2_2040;BUS;1;
2_2045;BUS;1;
2_2044;BUS;1;
2_2043;BUS;1;
2_2042;BUS;1;
2_3770;BUS;1;
2_3771;BUS;1;
2_3754;BUS;1;
2_3753;BUS;1;
2_3752;BUS;1;
2_3751;BUS;1;
2_3758;BUS;1;
2_3757;BUS;1;
2_3756;BUS;1;
2_3755;BUS;1;
2_2024;BUS;1;
2_1540;BUS;1;
2_2025;BUS;1;
2_1543;BUS;1;
2_2026;BUS;1;
2_3759;BUS;1;
2_1542;BUS;1;
2_2027;BUS;1;
2_2028;BUS;1;
2_2029;BUS;1;
2_2030;BUS;1;
2_2032;BUS;1;
2_2031;BUS;1;
2_2034;BUS;1;
2_1550;BUS;1;
2_2033;BUS;1;
2_3760;BUS;1;
2_3761;BUS;1;
2_4507;BUS;1;
2_4508;BUS;1;
2_4509;BUS;1;
2_1079;BUS;1;
2_1078;BUS;1;
2_3860;BUS;1;
2_2330;BUS;1;
2_2331;BUS;1;
2_1491;BUS;1;
2_1490;BUS;1;
2_4502;BUS;1;
2_4503;BUS;1;
2_1495;BUS;1;
2_4504;BUS;1;
2_1494;BUS;1;
2_4505;BUS;1;
2_1493;BUS;1;
2_1492;BUS;1;
2_3858;BUS;1;
2_1487;BUS;1;
2_3859;BUS;1;
2_2329;BUS;1;
2_1485;BUS;1;
2_1486;BUS;1;
2_1080;BUS;1;
2_1489;BUS;1;
2_2322;BUS;1;
2_3851;BUS;1;
2_2321;BUS;1;
2_3852;BUS;1;
2_1081;BUS;1;
2_2324;BUS;1;
2_3853;BUS;1;
2_1082;BUS;1;
2_2323;BUS;1;
2_3854;BUS;1;
2_1087;BUS;1;
2_2326;BUS;1;
2_3855;BUS;1;
2_1088;BUS;1;
2_2325;BUS;1;
2_3856;BUS;1;
2_1085;BUS;1;
2_2328;BUS;1;
2_3857;BUS;1;
2_1086;BUS;1;
2_2327;BUS;1;
2_2341;BUS;1;
2_2342;BUS;1;
2_4110;BUS;1;
2_4111;BUS;1;
2_2340;BUS;1;
2_4510;BUS;1;
2_1480;BUS;1;
2_4511;BUS;1;
2_1481;BUS;1;
2_1484;BUS;1;
2_1483;BUS;1;
2_1474;BUS;1;
2_1475;BUS;1;
2_3869;BUS;1;
2_1090;BUS;1;
2_1091;BUS;1;
2_3863;BUS;1;
2_1092;BUS;1;
2_2335;BUS;1;
2_4105;BUS;1;
2_3864;BUS;1;
2_1093;BUS;1;
2_2334;BUS;1;
2_4104;BUS;1;
2_3861;BUS;1;
2_1094;BUS;1;
2_2333;BUS;1;
2_4103;BUS;1;
2_3862;BUS;1;
2_1095;BUS;1;
2_2332;BUS;1;
2_1096;BUS;1;
2_2339;BUS;1;
2_4109;BUS;1;
2_1097;BUS;1;
2_2338;BUS;1;
2_4108;BUS;1;
2_3865;BUS;1;
2_2337;BUS;1;
2_1099;BUS;1;
2_2336;BUS;1;
2_4101;BUS;1;
2_4102;BUS;1;
2_1057;BUS;1;
2_1056;BUS;1;
2_1473;BUS;1;
2_1472;BUS;1;
2_1471;BUS;1;
2_1470;BUS;1;
2_1469;BUS;1;
2_1467;BUS;1;
2_1468;BUS;1;
2_1465;BUS;1;
2_2308;BUS;1;
2_1466;BUS;1;
2_2307;BUS;1;
2_1463;BUS;1;
2_1464;BUS;1;
2_2309;BUS;1;
2_1065;BUS;1;
2_2304;BUS;1;
2_1066;BUS;1;
2_2303;BUS;1;
2_1063;BUS;1;
2_1064;BUS;1;
2_2305;BUS;1;
2_1061;BUS;1;
2_1062;BUS;1;
2_2302;BUS;1;
2_1060;BUS;1;
2_2301;BUS;1;
2_2320;BUS;1;
2_1068;BUS;1;
2_1067;BUS;1;
2_1069;BUS;1;
2_1460;BUS;1;
2_1462;BUS;1;
2_1461;BUS;1;
2_1456;BUS;1;
2_1457;BUS;1;
2_1459;BUS;1;
2_1452;BUS;1;
2_1453;BUS;1;
2_1454;BUS;1;
2_2319;BUS;1;
2_1455;BUS;1;
2_1074;BUS;1;
2_2317;BUS;1;
2_1075;BUS;1;
2_2316;BUS;1;
2_1076;BUS;1;
2_2315;BUS;1;
2_1077;BUS;1;
2_1070;BUS;1;
2_2313;BUS;1;
2_1071;BUS;1;
2_2312;BUS;1;
2_1072;BUS;1;
2_2311;BUS;1;
2_1073;BUS;1;
2_4160;BUS;1;
2_4357;BUS;1;
2_4162;BUS;1;
2_4356;BUS;1;
2_4161;BUS;1;
2_4359;BUS;1;
2_4358;BUS;1;
2_4163;BUS;1;
2_4158;BUS;1;
2_3617;BUS;1;
2_4360;BUS;1;
2_4159;BUS;1;
2_3616;BUS;1;
2_4361;BUS;1;
2_4362;BUS;1;
2_4363;BUS;1;
2_3817;BUS;1;
2_3611;BUS;1;
2_3816;BUS;1;
2_3613;BUS;1;
2_4551;BUS;1;
2_3612;BUS;1;
2_4552;BUS;1;
2_3615;BUS;1;
2_4553;BUS;1;
2_3614;BUS;1;
2_4555;BUS;1;
2_4554;BUS;1;
2_4760;BUS;1;
2_4153;BUS;1;
2_4152;BUS;1;
2_4151;BUS;1;
2_4157;BUS;1;
2_4156;BUS;1;
2_4155;BUS;1;
2_4154;BUS;1;
2_4351;BUS;1;
2_4354;BUS;1;
2_4355;BUS;1;
2_4352;BUS;1;
2_4353;BUS;1;
2_2351;BUS;1;
2_2350;BUS;1;
2_2353;BUS;1;
2_2347;BUS;1;
2_2348;BUS;1;
2_2343;BUS;1;
2_2344;BUS;1;
2_1299;BUS;1;
2_2345;BUS;1;
2_1298;BUS;1;
2_2346;BUS;1;
2_2361;BUS;1;
2_2360;BUS;1;
2_3802;BUS;1;
2_3801;BUS;1;
2_2359;BUS;1;
2_3606;BUS;1;
2_3605;BUS;1;
2_3604;BUS;1;
2_3809;BUS;1;
2_3603;BUS;1;
2_3808;BUS;1;
2_3602;BUS;1;
2_3807;BUS;1;
2_3601;BUS;1;
2_3806;BUS;1;
2_1497;BUS;1;
2_3805;BUS;1;
2_3804;BUS;1;
2_1499;BUS;1;
2_3803;BUS;1;
2_1498;BUS;1;
2_1276;BUS;1;
2_1277;BUS;1;
2_1278;BUS;1;
2_1279;BUS;1;
2_4322;BUS;1;
2_1280;BUS;1;
2_4315;BUS;1;
2_1282;BUS;1;
2_1281;BUS;1;
2_1284;BUS;1;
2_1283;BUS;1;
2_4316;BUS;1;
2_1286;BUS;1;
2_1285;BUS;1;
2_5036;BUS;1;
2_1289;BUS;1;
2_1287;BUS;1;
2_1288;BUS;1;
2_1010;BUS;1;
2_1011;BUS;1;
2_4311;BUS;1;
2_4310;BUS;1;
2_4301;BUS;1;
2_1293;BUS;1;
2_1004;BUS;1;
2_1292;BUS;1;
2_1003;BUS;1;
2_4303;BUS;1;
2_1291;BUS;1;
2_1002;BUS;1;
2_4304;BUS;1;
2_1001;BUS;1;
2_4305;BUS;1;
2_1297;BUS;1;
2_1008;BUS;1;
2_4306;BUS;1;
2_1296;BUS;1;
2_1007;BUS;1;
2_4307;BUS;1;
2_1295;BUS;1;
2_1006;BUS;1;
2_4308;BUS;1;
2_1294;BUS;1;
2_1005;BUS;1;
2_1009;BUS;1;
2_1258;BUS;1;
2_1259;BUS;1;
2_1254;BUS;1;
2_1255;BUS;1;
2_1256;BUS;1;
2_1257;BUS;1;
2_1262;BUS;1;
2_1261;BUS;1;
2_1264;BUS;1;
2_1263;BUS;1;
2_1260;BUS;1;
2_1269;BUS;1;
2_1267;BUS;1;
2_1268;BUS;1;
2_1265;BUS;1;
2_1266;BUS;1;
2_1275;BUS;1;
2_1274;BUS;1;
2_1273;BUS;1;
2_1270;BUS;1;
2_1233;BUS;1;
2_1232;BUS;1;
2_1235;BUS;1;
2_1040;BUS;1;
2_1234;BUS;1;
2_1237;BUS;1;
2_1042;BUS;1;
2_1236;BUS;1;
2_1041;BUS;1;
2_1239;BUS;1;
2_1044;BUS;1;
2_1238;BUS;1;
2_1043;BUS;1;
2_1034;BUS;1;
2_1035;BUS;1;
2_1036;BUS;1;
2_1037;BUS;1;
2_1038;BUS;1;
2_1240;BUS;1;
2_1039;BUS;1;
2_1242;BUS;1;
2_1246;BUS;1;
2_1051;BUS;1;
2_1245;BUS;1;
2_1050;BUS;1;
2_1244;BUS;1;
2_1243;BUS;1;
2_1055;BUS;1;
2_1249;BUS;1;
2_1054;BUS;1;
2_1248;BUS;1;
2_1247;BUS;1;
2_1052;BUS;1;
2_1047;BUS;1;
2_1048;BUS;1;
2_1046;BUS;1;
2_1252;BUS;1;
2_1253;BUS;1;
2_1250;BUS;1;
2_1049;BUS;1;
2_1251;BUS;1;
2_1020;BUS;1;
2_1214;BUS;1;
2_1217;BUS;1;
2_1022;BUS;1;
2_1216;BUS;1;
2_1021;BUS;1;
2_1211;BUS;1;
2_1210;BUS;1;
2_1213;BUS;1;
2_1212;BUS;1;
2_1219;BUS;1;
2_1218;BUS;1;
2_1016;BUS;1;
2_1017;BUS;1;
2_1018;BUS;1;
2_1220;BUS;1;
2_1019;BUS;1;
2_1012;BUS;1;
2_1014;BUS;1;
2_1015;BUS;1;
2_1033;BUS;1;
2_1032;BUS;1;
2_1226;BUS;1;
2_1031;BUS;1;
2_1225;BUS;1;
2_1030;BUS;1;
2_1224;BUS;1;
2_1223;BUS;1;
2_1222;BUS;1;
2_1221;BUS;1;
2_1229;BUS;1;
2_1230;BUS;1;
2_1029;BUS;1;
2_1231;BUS;1;
2_1027;BUS;1;
2_1028;BUS;1;
2_1025;BUS;1;
2_1026;BUS;1;
2_1023;BUS;1;
2_1024;BUS;1;
2_0001;BUS_ROUTE;1;
2_0002;BUS_ROUTE;1;
2_0003;BUS_ROUTE;1;
2_0004;BUS_ROUTE;1;
2_0005;BUS_ROUTE;1;
2_0006;BUS_ROUTE;1;
2_0008;BUS_ROUTE;1;
2_0009;BUS_ROUTE;1;
2_0011;BUS_ROUTE;1;
2_0030;BUS_ROUTE;1;
2_0031;BUS_ROUTE;1;
2_0032;BUS_ROUTE;1;
2_0033;BUS_ROUTE;1;
2_0034;BUS_ROUTE;1;
2_0035;BUS_ROUTE;1;
2_0041;BUS_ROUTE;1;
2_0050;BUS_ROUTE;1;
2_0051;BUS_ROUTE;1;
2_0052;BUS_ROUTE;1;
2_0053;BUS_ROUTE;1;
2_0054;BUS_ROUTE;1;
2_0055;BUS_ROUTE;1;
2_0056;BUS_ROUTE;1;
2_0057;BUS_ROUTE;1;
2_0061;BUS_ROUTE;1;
2_0064;BUS_ROUTE;1;
2_0065;BUS_ROUTE;1;
2_0067;BUS_ROUTE;1;
2_0068;BUS_ROUTE;1;
2_0071;BUS_ROUTE;1;
2_0072;BUS_ROUTE;1;
2_0073;BUS_ROUTE;1;
2_0074;BUS_ROUTE;1;
2_0077;BUS_ROUTE;1;
2_0078;BUS_ROUTE;1;
2_0081;BUS_ROUTE;1;
2_0094;BUS_ROUTE;1;
2_0096;BUS_ROUTE;1;
2_0150;BUS_ROUTE;1;
2_0164;BUS_ROUTE;1;
2_0805;BUS_ROUTE;1;
